Date,Close/Last,Volume,Open,High,Low,,
16/03/2020,4.91,726972000,5.3102,5.6525,4.85,,
17/03/2020,5.4318,833632000,5.0228,5.5215,4.775,,
18/03/2020,5.0705,874266400,5.0024,5.2485,4.517,,
19/03/2020,5.3243,765514000,5.049,5.4183,4.8347,,
20/03/2020,5.1438,804634000,5.475,5.758,5.1283,,
23/03/2020,5.3173,643874800,5.1428,5.412,4.963,,
24/03/2020,6.2295,1101644000,5.725,6.3165,5.7013,,
25/03/2020,6.1405,793430800,6.345,6.5455,6.0915,,
26/03/2020,6.431,697587600,6.3485,6.5555,6.25,,
27/03/2020,6.3182,638829600,6.25,6.5779,6.217,,
30/03/2020,6.6397,602250000,6.384,6.649,6.3398,,
31/03/2020,6.59,949960400,6.68,6.885,6.4438,,
01/04/2020,6.0768,656913200,6.3913,6.5382,6.032,,
02/04/2020,6.3868,675764400,6.106,6.4,6.0578,,
03/04/2020,6.0978,663214000,6.349,6.3908,5.9597,,
06/04/2020,6.71,727882400,6.381,6.747,6.3233,,
07/04/2020,6.4757,784522000,6.9325,6.9563,6.4325,,
08/04/2020,6.6738,542444400,6.5853,6.6988,6.515,,
09/04/2020,6.5738,526248000,6.8,6.823,6.5105,,
13/04/2020,6.7463,398407280,6.5138,6.755,6.425,,
14/04/2020,7.0987,530946800,6.875,7.133,6.8472,,
15/04/2020,7.021,366148840,6.93,7.1042,6.8845,,
16/04/2020,7.3675,745620400,7.177,7.475,7.1638,,
17/04/2020,7.308,539122000,7.45,7.4715,7.1735,,
20/04/2020,7.1763,449388400,7.181,7.3375,7.1318,,
21/04/2020,6.7378,735160000,7.0578,7.1193,6.6778,,
22/04/2020,7.1537,484729200,6.9308,7.1968,6.885,,
23/04/2020,7.1003,424159600,7.196,7.3284,7.075,,
24/04/2020,7.2397,352645480,7.09,7.2418,7.015,,
27/04/2020,7.427,479388000,7.3748,7.5875,7.35,,
28/04/2020,7.284,442904000,7.575,7.605,7.2785,,
29/04/2020,7.4615,379161880,7.4192,7.5145,7.3438,,
30/04/2020,7.307,375917720,7.4073,7.4615,7.293,,
01/05/2020,7.0695,342097800,7.1088,7.2225,7.0211,,
04/05/2020,7.2821,317555200,7.022,7.296,7.022,,
05/05/2020,7.3435,368895640,7.3868,7.5068,7.2823,,
06/05/2020,7.4448,323465560,7.4233,7.55,7.3853,,
07/05/2020,7.6218,373730520,7.5845,7.6853,7.5331,,
08/05/2020,7.8125,339907120,7.6938,7.8188,7.6597,,
11/05/2020,8.0655,469060000,7.8075,8.1125,7.7787,,
12/05/2020,7.8025,493059200,8.1235,8.1725,7.7927,,
13/05/2020,7.78,625850000,7.9175,8.0785,7.5948,,
14/05/2020,8.0305,602312400,7.8416,8.036,7.6875,,
15/05/2020,8.4908,987661600,7.8897,8.5005,7.874,,
18/05/2020,8.7502,776403600,8.7605,8.9165,8.6805,,
19/05/2020,8.8055,717322000,8.7903,9.0875,8.7628,,
20/05/2020,8.97,587536400,8.991,9.043,8.8887,,
21/05/2020,8.7752,761069600,9.0515,9.0524,8.7375,,
22/05/2020,9.0263,1038765200,8.8253,9.093,8.7133,,
26/05/2020,8.7178,770779200,9.1568,9.1817,8.672,,
27/05/2020,8.5252,1175892400,8.625,8.6327,7.9968,,
28/05/2020,8.487,736128000,8.4123,8.7605,8.3793,,
29/05/2020,8.8755,745919600,8.5545,8.8755,8.485,,
01/06/2020,8.8063,390511000,8.8332,8.8407,8.6895,,
02/06/2020,8.8253,391320560,8.7963,8.8373,8.658,,
03/06/2020,8.7695,365438880,8.8223,8.8662,8.7,,
04/06/2020,8.7665,424278400,8.728,8.9433,8.6775,,
05/06/2020,8.92,481746000,8.7945,8.997,8.708,,
08/06/2020,8.805,387737240,8.8773,8.8896,8.6858,,
09/06/2020,9.046,468488800,8.8,9.1097,8.7513,,
10/06/2020,9.3668,632181600,9.1677,9.5,9.1535,,
11/06/2020,8.7963,583650400,9.15,9.2613,8.786,,
12/06/2020,8.9325,570908000,9.1625,9.1873,8.7033,,
15/06/2020,9.1738,400002000,8.8153,9.1823,8.7438,,
16/06/2020,9.0685,535715200,9.225,9.2668,8.8388,,
17/06/2020,9.236,408305600,9.1138,9.299,9.0702,,
18/06/2020,9.218,254409520,9.227,9.2825,9.1145,,
19/06/2020,9.2613,524160400,9.2425,9.445,9.2273,,
22/06/2020,9.5267,398466480,9.3,9.5313,9.2733,,
23/06/2020,9.45,375107400,9.551,9.6425,9.4075,,
24/06/2020,9.2355,449370800,9.4763,9.5564,9.1445,,
25/06/2020,9.49,376072000,9.3558,9.505,9.1823,,
26/06/2020,9.155,592085600,9.5,9.5,9.125,,
29/06/2020,9.2,342248120,9.1698,9.2045,8.9,,
30/06/2020,9.4978,367892000,9.314,9.5263,9.2665,,
01/07/2020,9.53,326646800,9.5207,9.5757,9.413,,
02/07/2020,9.6123,364054080,9.639,9.7375,9.5783,,
06/07/2020,9.8392,315893720,9.7418,9.9088,9.7125,,
07/07/2020,9.8718,357799720,9.9463,10.07,9.8507,,
08/07/2020,10.216,365480520,9.9938,10.225,9.9655,,
09/07/2020,10.509,494547200,10.3803,10.57,10.2335,,
10/07/2020,10.4793,497674800,10.5888,10.6553,10.3788,,
13/07/2020,10.0523,457074800,10.595,10.7922,10.025,,
14/07/2020,10.377,542674400,10.075,10.4028,9.7855,,
15/07/2020,10.2273,403984800,10.4143,10.433,10.0558,,
16/07/2020,10.1348,344964720,10.015,10.2067,9.8955,,
17/07/2020,10.2015,266284640,10.2255,10.2485,10.0878,,
20/07/2020,10.5108,284850840,10.2743,10.5313,10.1568,,
21/07/2020,10.3285,277666840,10.513,10.5599,10.2868,,
22/07/2020,10.4388,367290840,10.3675,10.6025,10.2916,,
23/07/2020,10.1298,411661200,10.45,10.547,10.0313,,
24/07/2020,10.1945,473292000,9.875,10.3648,9.777,,
27/07/2020,10.4215,292130200,10.2323,10.4418,10.2178,,
28/07/2020,10.2155,271636040,10.3743,10.382,10.2093,,
29/07/2020,10.4655,284507680,10.3908,10.5162,10.347,,
30/07/2020,10.614,308880160,10.375,10.623,10.2953,,
31/07/2020,10.6148,386286000,10.5633,10.7665,10.433,,
03/08/2020,11.0103,413018400,10.7325,11.0988,10.7153,,
04/08/2020,11.2278,310335600,11.05,11.2278,10.906,,
05/08/2020,11.2868,250499720,11.244,11.3717,11.1663,,
06/08/2020,11.3355,244315680,11.3498,11.358,11.1788,,
07/08/2020,11.1995,342515960,11.3125,11.5048,11.0375,,
10/08/2020,11.165,427796000,11.3343,11.4083,10.8565,,
11/08/2020,10.85,354510520,11.0738,11.1368,10.7958,,
12/08/2020,11.4403,464942800,10.9908,11.467,10.9583,,
13/08/2020,11.443,374459560,11.546,11.7218,11.3558,,
14/08/2020,11.564,366436160,11.53,11.7048,11.4405,,
17/08/2020,12.337,621300800,11.8513,12.4098,11.8172,,
18/08/2020,12.2608,503446400,12.45,12.496,12.0863,,
19/08/2020,12.1385,622622400,12.2965,12.315,12.098,,
20/08/2020,12.141,921386400,11.975,12.375,11.8788,,
21/08/2020,12.6835,999869600,12.2018,12.8087,12.1952,,
24/08/2020,12.7203,490564400,12.8838,12.9125,12.5075,,
25/08/2020,12.75,289076800,12.6308,12.7613,12.5738,,
26/08/2020,12.773,321242920,12.7992,12.8685,12.6778,,
27/08/2020,12.6283,317602920,12.7815,12.85,12.5664,,
28/08/2020,13.1478,537158400,12.6749,13.148,12.6425,,
31/08/2020,13.3745,500841200,13.1828,13.575,13.0378,,
01/09/2020,13.821,512474000,13.48,13.9938,13.4365,,
02/09/2020,14.3465,874012800,14.7037,14.7267,13.9,,
03/09/2020,13.0155,945126000,13.8286,13.8845,12.8788,,
04/09/2020,12.6225,1463682800,12.7838,13.175,11.7048,,
08/09/2020,11.913,795729600,11.7345,12.55,11.7043,,
09/09/2020,12.715,736198400,12.4,12.8093,12.2318,,
10/09/2020,12.3118,698684400,12.9893,13.0653,12.167,,
11/09/2020,12.1645,636926800,12.4855,12.6525,11.8958,,
14/09/2020,12.8723,1201744800,13.081,13.315,12.6311,,
15/09/2020,12.991,727556400,13.28,13.2988,12.8278,,
16/09/2020,12.5145,557599600,12.9573,13.0928,12.5138,,
17/09/2020,12.4635,792511600,12.1322,12.5898,12.0348,,
18/09/2020,12.1893,698462000,12.5938,12.6325,11.9888,,
21/09/2020,12.5173,721042400,11.925,12.5225,11.9045,,
22/09/2020,12.6378,646452000,12.575,12.648,12.1556,,
23/09/2020,12.1238,647012400,12.5755,12.727,12.0793,,
24/09/2020,12.348,731240400,12.0723,12.5695,12.014,,
25/09/2020,12.8738,588016400,12.4475,12.8835,12.2458,,
28/09/2020,13.035,573809200,13.0403,13.0518,12.75,,
29/09/2020,13.2258,623004800,12.9375,13.4428,12.9333,,
30/09/2020,13.5305,689184000,13.1575,13.6225,13.1503,,
01/10/2020,13.6145,525002400,13.758,13.7627,13.4608,,
02/10/2020,13.0623,552496000,13.225,13.5195,13.051,,
05/10/2020,13.6425,479818400,13.236,13.6443,13.2228,,
06/10/2020,13.7365,784420000,13.83,14.142,13.665,,
07/10/2020,13.964,418085200,13.9998,14.1193,13.8635,,
08/10/2020,13.8387,378900880,14.075,14.0845,13.758,,
09/10/2020,13.7628,346890920,13.767,13.8243,13.6608,,
12/10/2020,14.226,434744000,13.9895,14.347,13.9125,,
13/10/2020,14.2482,344603120,14.2965,14.3485,14.0186,,
14/10/2020,14.0953,276647120,14.2905,14.3428,13.96,,
15/10/2020,13.97,267225120,13.8107,14.0058,13.7678,,
16/10/2020,13.8115,242639600,14.0368,14.1215,13.7925,,
19/10/2020,13.4978,298068560,13.9029,13.9835,13.4068,,
20/10/2020,13.6455,229212040,13.5835,13.7998,13.507,,
21/10/2020,13.5248,219597320,13.625,13.7915,13.4775,,
22/10/2020,13.361,290479440,13.5225,13.6118,13.2318,,
23/10/2020,13.5903,233484280,13.45,13.5933,13.2913,,
26/10/2020,13.1412,336894320,13.427,13.6928,13.0385,,
27/10/2020,13.3968,250519680,13.306,13.442,13.1915,,
28/10/2020,12.627,376518080,13.198,13.26,12.609,,
29/10/2020,13.024,320081840,12.8385,13.1928,12.75,,
30/10/2020,12.534,417396000,12.85,12.9364,12.3,,
02/11/2020,12.5808,299652640,12.6578,12.8367,12.395,,
03/11/2020,13.0195,272901080,12.7085,13.105,12.6028,,
04/11/2020,13.7943,410229200,13.3893,13.8275,13.3369,,
05/11/2020,14.16,319028320,14.1625,14.339,13.991,,
06/11/2020,14.562,383349280,14.1098,14.5887,13.895,,
09/11/2020,13.6308,582978000,14.5525,14.6915,13.6107,,
10/11/2020,12.77,644067200,13.6065,13.6065,12.6283,,
11/11/2020,13.418,404743600,13.0538,13.4349,12.9483,,
12/11/2020,13.4568,366635000,13.4789,13.766,13.316,,
13/11/2020,13.297,346762320,13.6273,13.6687,13.0593,,
16/11/2020,13.5153,413774800,13.1725,13.6495,13.156,,
17/11/2020,13.4223,312027960,13.5525,13.5963,13.3039,,
18/11/2020,13.4288,510925200,13.4653,13.6058,13.185,,
19/11/2020,13.4403,565934400,13.2128,13.4875,13.1,,
20/11/2020,13.0878,341089800,13.454,13.4945,13.065,,
23/11/2020,13.14,361354200,13.1711,13.3825,13.0155,,
24/11/2020,12.9577,346499960,13.1425,13.162,12.885,,
25/11/2020,13.2348,259916400,13.0325,13.2694,13.02,,
27/11/2020,13.2613,167275200,13.375,13.4075,13.1705,,
30/11/2020,13.4015,286952000,13.265,13.4125,12.9724,,
01/12/2020,13.39,297571280,13.4923,13.5288,13.2283,,
02/12/2020,13.5445,283361200,13.3505,13.6734,13.2343,,
03/12/2020,13.396,199520640,13.5875,13.66,13.329,,
04/12/2020,13.5583,202243400,13.4485,13.56,13.3887,,
07/12/2020,13.6068,223243240,13.6013,13.7313,13.5,,
08/12/2020,13.35,271920880,13.585,13.5988,13.2815,,
09/12/2020,12.9308,401301200,13.3005,13.414,12.8682,,
10/12/2020,12.9723,207764720,12.869,13.0687,12.8494,,
11/12/2020,13.0132,209265640,12.9673,13.02,12.823,,
14/12/2020,13.3088,270157880,13.0879,13.3888,13.0775,,
15/12/2020,13.3605,193485920,13.4398,13.464,13.1868,,
16/12/2020,13.2425,223114680,13.4225,13.4373,13.2125,,
17/12/2020,13.3413,231383880,13.3668,13.3795,13.1785,,
18/12/2020,13.272,342064640,13.379,13.405,13.0705,,
21/12/2020,13.3323,302332160,13.0748,13.37,12.9675,,
22/12/2020,13.2783,186314880,13.3193,13.3372,13.0539,,
23/12/2020,13.0093,179142760,13.256,13.275,13.005,,
24/12/2020,12.9938,97883520,13.0373,13.1325,12.9387,,
28/12/2020,12.9,212565640,13.0625,13.0625,12.7632,,
29/12/2020,12.9433,170372160,12.925,13.0725,12.8423,,
30/12/2020,13.1458,225397160,12.9903,13.2137,12.8968,,
31/12/2020,13.055,192424400,13.1365,13.1511,12.915,,
04/01/2021,13.1135,560642000,13.1043,13.6525,12.9625,,
05/01/2021,13.4048,322759920,13.0998,13.4435,13.087,,
06/01/2021,12.6145,580423200,13.2225,13.245,12.586,,
07/01/2021,13.344,461481600,12.9675,13.3778,12.8865,,
08/01/2021,13.2768,292528600,13.3625,13.421,13.042,,
11/01/2021,13.6215,519028800,13.4188,13.961,13.3625,,
12/01/2021,13.4848,291477720,13.7525,13.7545,13.345,,
13/01/2021,13.5318,210028440,13.49,13.625,13.385,,
14/01/2021,13.2003,283120280,13.575,13.5998,13.1805,,
15/01/2021,12.8595,277781280,13.228,13.3253,12.8485,,
19/01/2021,13.0253,226186880,13.0162,13.094,12.844,,
20/01/2021,13.3658,258570880,13.1118,13.4305,13.0568,,
21/01/2021,13.8675,338339600,13.4186,13.9994,13.253,,
22/01/2021,13.7125,246818560,13.7401,13.8417,13.6273,,
25/01/2021,13.6533,251111160,13.7818,13.8285,13.2365,,
26/01/2021,13.4353,163980400,13.5804,13.6448,13.3875,,
27/01/2021,12.9178,371272840,13.23,13.2327,12.7938,,
28/01/2021,13.051,228315960,12.9963,13.3398,12.9605,,
29/01/2021,12.9898,271552040,13.075,13.3348,12.9115,,
01/02/2021,13.237,217204320,13.0534,13.2708,12.9028,,
02/02/2021,13.5568,220438280,13.3988,13.572,13.2855,,
03/02/2021,13.5305,245409280,13.636,13.9318,13.5165,,
04/02/2021,13.6643,201338480,13.531,13.6735,13.3379,,
05/02/2021,13.591,169153640,13.725,13.7373,13.5458,,
08/02/2021,14.4387,434622800,13.7272,14.4738,13.7272,,
09/02/2021,14.2632,287560120,14.3406,14.5833,14.2225,,
10/02/2021,14.7643,485352400,14.4633,14.905,14.3414,,
11/02/2021,15.2508,450827600,14.9803,15.2723,14.925,,
12/02/2021,14.9613,374757480,15.05,15.2911,14.775,,
16/02/2021,15.3303,321959520,15.0643,15.3725,14.95,,
17/02/2021,14.906,275698680,15.171,15.2235,14.78,,
18/02/2021,14.829,234080800,14.729,14.8732,14.575,,
19/02/2021,14.9265,271724120,15.0245,15.177,14.8467,,
22/02/2021,14.3558,325885560,14.7748,15.1333,14.325,,
23/02/2021,14.142,391779320,14.0753,14.2388,13.3895,,
24/02/2021,14.499,448319200,14.1228,14.5068,13.756,,
25/02/2021,13.3075,824436000,14.0454,14.3748,13.2163,,
26/02/2021,13.7145,500930400,13.7525,13.8545,13.361,,
01/03/2021,13.8417,353183000,13.875,13.925,13.5532,,
02/03/2021,13.4063,264114120,13.9,13.9205,13.396,,
03/03/2021,12.8048,377590280,13.4263,13.4515,12.7988,,
04/03/2021,12.3703,573345200,12.8008,12.975,12.0838,,
05/03/2021,12.4615,542838800,12.55,12.55,11.6793,,
08/03/2021,11.5933,543111600,12.45,12.4713,11.5665,,
09/03/2021,12.5203,521825600,12.1303,12.6168,12.0593,,
10/03/2021,12.4683,384376560,12.8405,12.98,12.4575,,
11/03/2021,12.9935,299914280,12.95,13.0463,12.7345,,
12/03/2021,12.856,243963960,12.6483,12.8888,12.59,,
15/03/2021,13.1913,222520440,12.8648,13.2068,12.7671,,
16/03/2021,13.2913,272129600,13.3565,13.5125,13.1168,,
17/03/2021,13.3413,243864200,13.0398,13.4533,12.9895,,
18/03/2021,12.7225,294188080,13.1365,13.184,12.717,,
19/03/2021,12.8458,299206960,12.75,12.9215,12.6125,,
22/03/2021,13.1863,297803080,12.9128,13.3945,12.9068,,
23/03/2021,13.0708,222046080,13.2542,13.3445,13.0213,,
24/03/2021,12.643,245838520,13.1512,13.1591,12.6368,,
25/03/2021,12.5353,295144560,12.4995,12.7148,12.272,,
26/03/2021,12.8393,363968960,12.5545,12.8563,12.3735,,
29/03/2021,12.9483,273519880,12.8203,13.0625,12.7,,
30/03/2021,12.8718,200202480,12.842,12.9753,12.705,,
31/03/2021,13.3483,314777520,13.0155,13.4705,12.9825,,
01/04/2021,13.8118,308274600,13.5723,13.87,13.5113,,
05/04/2021,13.9875,255671400,13.8675,14.014,13.733,,
06/04/2021,13.8615,191745960,13.9997,14.0541,13.7736,,
07/04/2021,14.1435,251284360,13.8808,14.2435,13.7115,,
08/04/2021,14.317,244414920,14.2528,14.4715,14.2489,,
09/04/2021,14.4,195170880,14.214,14.408,14.175,,
12/04/2021,15.209,869322000,14.2898,15.3525,14.1393,,
13/04/2021,15.6795,676212000,15.2315,15.7,15.1258,,
14/04/2021,15.277,385501920,15.625,15.7205,15.2275,,
15/04/2021,16.1373,598480800,15.6625,16.2142,15.6315,,
16/04/2021,15.9125,335207560,16.0531,16.1657,15.8653,,
19/04/2021,15.3618,404418000,15.5365,15.8075,15.233,,
20/04/2021,15.1713,334133040,15.3233,15.497,14.963,,
21/04/2021,15.3605,216777040,15.1188,15.3625,15.1023,,
22/04/2021,14.8503,277786280,15.375,15.4386,14.7835,,
23/04/2021,15.2653,227772200,14.9344,15.3349,14.9003,,
26/04/2021,15.478,197797080,15.1851,15.479,15.125,,
27/04/2021,15.3818,164573000,15.5785,15.6705,15.3545,,
28/04/2021,15.2768,209416200,15.3645,15.5322,15.2155,,
29/04/2021,15.3248,173196480,15.4,15.4365,15.0715,,
30/04/2021,15.0095,201910080,15.1745,15.365,14.997,,
03/05/2021,14.8368,203911840,15.125,15.2468,14.7875,,
04/05/2021,14.3513,405324800,14.6373,14.6375,14.0103,,
05/05/2021,14.4585,292023040,14.709,14.8135,14.3875,,
06/05/2021,14.523,193380920,14.4952,14.5713,14.2181,,
07/05/2021,14.8123,229327320,14.8083,14.9708,14.6717,,
10/05/2021,14.2658,268903800,14.7873,14.806,14.25,,
11/05/2021,14.3063,285585360,13.825,14.3548,13.75,,
12/05/2021,13.7585,303409320,14.0095,14.2602,13.7093,,
13/05/2021,13.6653,285727480,14.0338,14.0808,13.459,,
14/05/2021,14.243,258615000,13.89,14.3281,13.7485,,
17/05/2021,14.1655,216488840,14.157,14.1693,13.8535,,
18/05/2021,14.0158,186254240,14.267,14.4042,14.004,,
19/05/2021,14.0658,343999360,13.5665,14.0795,13.5433,,
20/05/2021,14.6125,321591920,14.3025,14.6838,14.2705,,
21/05/2021,14.9918,672992000,15.1638,15.222,14.8694,,
24/05/2021,15.612,554816400,15.2125,15.745,15.176,,
25/05/2021,15.6478,435406800,15.766,15.8185,15.4825,,
26/05/2021,15.7,370438640,15.7343,15.7938,15.5863,,
27/05/2021,15.488,581475200,15.6998,15.75,15.46,,
28/05/2021,16.2445,644535600,15.501,16.2775,15.501,,
01/06/2021,16.2645,472803200,16.27,16.3881,15.9033,,
02/06/2021,16.7783,594167600,16.2523,16.9189,16.2355,,
03/06/2021,16.9698,580006800,16.7007,17.259,16.583,,
04/06/2021,17.5783,617120400,17.1125,17.661,17.0955,,
07/06/2021,17.619,575754800,17.5711,17.8125,17.1928,,
08/06/2021,17.457,323846760,17.5273,17.6216,17.251,,
09/06/2021,17.3583,381657480,17.5158,17.575,17.2558,,
10/06/2021,17.425,287770440,17.35,17.492,17.176,,
11/06/2021,17.8253,416307600,17.4795,17.9392,17.4438,,
14/06/2021,18.0188,321374280,17.906,18.0395,17.6628,,
15/06/2021,17.7885,243030440,17.915,18.0162,17.728,,
16/06/2021,17.8103,307122600,17.7907,17.9547,17.5844,,
17/06/2021,18.6573,809654800,17.7746,18.835,17.7563,,
18/06/2021,18.6387,968854400,18.784,19.375,18.584,,
21/06/2021,18.4273,672382000,18.4353,18.5365,17.8226,,
22/06/2021,18.8868,580145600,18.4715,18.9638,18.3859,,
23/06/2021,19.0573,332357040,19.0077,19.1528,18.9078,,
24/06/2021,19.2055,320922400,19.2278,19.42,19.0882,,
25/06/2021,19.031,278365920,19.2805,19.3455,18.8944,,
28/06/2021,19.985,495436400,19.3613,20.0787,19.319,,
29/06/2021,20.0268,367633840,19.8825,20.0988,19.6569,,
30/06/2021,20.0025,326566160,19.9991,20.1625,19.8638,,
01/07/2021,20.212,480134800,20.125,20.456,20.019,,
02/07/2021,20.487,343396680,20.4401,20.5053,20.2878,,
06/07/2021,20.6985,446707600,20.7375,20.842,20.3503,,
07/07/2021,20.3718,418427200,20.8535,20.875,20.3321,,
08/07/2021,19.9028,503299600,19.8565,20.133,19.7007,,
09/07/2021,20.0503,296622680,19.9625,20.0801,19.7542,,
12/07/2021,20.5125,321984760,20.24,20.5328,20.1878,,
13/07/2021,20.25,290706320,20.4005,20.4613,20.114,,
14/07/2021,19.8415,380099200,20.3577,20.4178,19.7528,,
15/07/2021,18.9662,550564400,19.8118,19.847,18.8585,,
16/07/2021,18.161,688222800,19.0305,19.1571,18.073,,
19/07/2021,18.7798,749058800,17.9153,19.042,17.8655,,
20/07/2021,18.612,434686500,18.73,18.838,18.164,,
21/07/2021,19.41,371017400,18.882,19.527,18.742,,
22/07/2021,19.594,323826000,19.642,19.887,19.276,,
23/07/2021,19.558,195672000,19.6564,19.7,19.25,,
26/07/2021,19.294,203943200,19.311,19.442,18.914,,
27/07/2021,19.208,248862600,19.265,19.622,18.741,,
28/07/2021,19.503,202191200,19.3192,19.646,18.995,,
29/07/2021,19.662,190780900,19.519,19.853,19.328,,
30/07/2021,19.499,183497500,19.418,19.63,19.263,,
02/08/2021,19.75,217444000,19.7,19.961,19.361,,
03/08/2021,19.815,301810700,19.74,20.222,19.22,,
04/08/2021,20.274,231309400,19.99,20.318,19.828,,
05/08/2021,20.637,211435400,20.5,20.733,20.342,,
06/08/2021,20.366,178496600,20.524,20.57,20.21,,
09/08/2021,20.295,146443100,20.446,20.508,20.143,,
10/08/2021,19.936,179237800,20.322,20.43,19.8345,,
11/08/2021,19.699,185924800,20.043,20.049,19.43,,
12/08/2021,19.905,151861600,19.87,20.029,19.62,,
13/08/2021,20.188,183062900,19.905,20.2138,19.851,,
16/08/2021,19.95,211152800,20.135,20.287,19.453,,
17/08/2021,19.458,204584900,19.685,19.77,19.267,,
18/08/2021,19.04,285913500,19.5,19.6337,19,,
19/08/2021,19.798,766554800,19.494,20.495,18.762,,
20/08/2021,20.816,675741300,19.991,20.8651,19.933,,
23/08/2021,21.958,575806600,20.971,21.997,20.95,,
24/08/2021,21.793,297298900,21.753,21.959,21.535,,
25/08/2021,22.213,347701000,21.737,22.47,21.722,,
26/08/2021,22.068,237940400,22.2,22.34,21.79,,
27/08/2021,22.636,304722200,22.184,22.722,22.167,,
30/08/2021,22.688,262579900,22.83,23.043,22.551,,
31/08/2021,22.385,259849700,22.695,22.695,22.12,,
01/09/2021,22.441,201767000,22.485,22.697,22.3565,,
02/09/2021,22.396,188109600,22.518,22.593,22.2945,,
03/09/2021,22.843,280832000,22.325,22.986,22.2,,
07/09/2021,22.662,198107200,22.833,22.899,22.5224,,
08/09/2021,22.339,254434200,22.513,22.61,21.977,,
09/09/2021,22.177,196856000,22.312,22.538,22.131,,
10/09/2021,22.478,248375700,22.3483,22.626,22.27,,
13/09/2021,22.152,297499900,22.684,22.964,21.858,,
14/09/2021,22.242,199754600,22.275,22.41,22.086,,
15/09/2021,22.341,166538000,22.309,22.367,21.966,,
16/09/2021,22.242,156033400,22.1835,22.277,21.927,,
17/09/2021,21.9,294502800,22.3,22.321,21.83,,
20/09/2021,21.113,349440500,21.146,21.433,20.662,,
21/09/2021,21.246,204688100,21.4165,21.425,20.95,,
22/09/2021,21.941,268725600,21.3655,21.96,21.196,,
23/09/2021,22.482,248554900,22.14,22.5345,21.89,,
24/09/2021,22.081,217655500,22.07,22.149,21.861,,
27/09/2021,21.66,245215100,21.7104,21.799,21.325,,
28/09/2021,20.699,343069000,21.2135,21.419,20.651,,
29/09/2021,20.517,218393600,20.9395,21.017,20.467,,
30/09/2021,20.716,221009100,20.7684,21.066,20.688,,
01/10/2021,20.742,240978000,20.75,20.859,20.203,,
04/10/2021,19.732,345635000,20.504,20.5418,19.555,,
05/10/2021,20.451,279281700,19.95,20.648,19.854,,
06/10/2021,20.7,297201800,20.12,20.72,20.08,,
07/10/2021,21.075,256918900,21.092,21.322,20.972,,
08/10/2021,20.831,151257900,21.101,21.206,20.775,,
11/10/2021,20.695,163387500,20.575,21.063,20.511,,
12/10/2021,20.671,162133500,20.8275,21.057,20.528,,
13/10/2021,20.939,180651900,20.918,20.99,20.713,,
14/10/2021,21.746,243588800,21.288,21.755,21.122,,
15/10/2021,21.862,226994000,21.81,21.931,21.662,,
18/10/2021,22.222,189493600,21.749,22.291,21.644,,
19/10/2021,22.29,161473300,22.276,22.379,22.037,,
20/10/2021,22.103,146275900,22.3045,22.433,21.982,,
21/10/2021,22.692,187590300,22.097,22.711,22.083,,
22/10/2021,22.726,249383800,22.823,23.13,22.561,,
25/10/2021,23.166,230234800,22.973,23.355,22.77,,
26/10/2021,24.717,485898300,23.989,25.259,23.924,,
27/10/2021,24.451,245989900,24.474,25.09,24.282,,
28/10/2021,24.941,234204300,24.878,24.95,24.523,,
29/10/2021,25.567,292502800,25.0005,25.709,25,,
01/11/2021,25.827,265739800,25.649,25.894,25.227,,
02/11/2021,26.401,294112400,25.822,26.678,25.8,,
03/11/2021,26.598,239910300,26.67,26.784,26.235,,
04/11/2021,29.801,1153631000,27.229,31.365,27.118,,
05/11/2021,29.752,851260200,30.187,31.4,29.41,,
08/11/2021,30.804,503100900,30.149,31.1,29.907,,
09/11/2021,30.657,646746200,32.282,32.31,29.964,,
10/11/2021,29.459,636205700,29.356,30.85,28.778,,
11/11/2021,30.39,332172100,30.468,30.59,29.777,,
12/11/2021,30.39,413054300,30.01,30.68,29.63,,
15/11/2021,30.025,384909000,30.552,30.644,29.247,,
16/11/2021,30.203,264483700,29.759,30.39,29.7059,,
17/11/2021,29.261,428508000,30.418,30.509,28.8,,
18/11/2021,31.675,781710800,32.367,32.76,31.321,,
19/11/2021,32.985,533866700,32.243,33.088,31.905,,
22/11/2021,31.956,754335200,33.517,34.647,31.9,,
23/11/2021,31.746,532162700,31.535,32.36,30.88,,
24/11/2021,32.674,435162300,31.461,32.855,30.928,,
26/11/2021,31.503,283068900,32.6,32.71,31.35,,
29/11/2021,33.376,454964000,32.366,33.412,32.036,,
30/11/2021,32.676,622066500,33.169,33.353,31.864,,
01/12/2021,31.435,485802000,33.2195,33.2893,31.38,,
02/12/2021,32.126,472890300,31.214,32.478,31.025,,
03/12/2021,30.693,544325100,32,32.129,30.13,,
06/12/2021,30.037,658938500,29.88,30.241,28.038,,
07/12/2021,32.427,593053500,30.957,32.449,30.651,,
08/12/2021,31.826,475551500,31.999,32.29,31.421,,
09/12/2021,30.49,488507200,31.734,32.205,30.428,,
10/12/2021,30.198,488825100,31.15,31.305,29.861,,
13/12/2021,28.161,598343700,30.249,30.294,28.116,,
14/12/2021,28.337,667035400,27.699,28.678,27.25,,
15/12/2021,30.459,698296900,28.4,30.5,27.838,,
16/12/2021,28.387,707366000,31.152,31.16,28.093,,
17/12/2021,27.801,716622400,27.985,28.922,27.76,,
20/12/2021,27.719,461846800,27.305,28.144,27.145,,
21/12/2021,29.075,524384900,28.374,29.12,27.401,,
22/12/2021,29.4,395184400,28.891,29.555,28.449,,
23/12/2021,29.64,343021700,29.755,30.059,29.431,,
27/12/2021,30.945,403685900,29.66,31.0865,29.64,,
28/12/2021,30.322,420591200,31.312,31.33,30.0118,,
29/12/2021,30.001,343139300,30.2725,30.548,29.366,,
30/12/2021,29.586,308864200,29.827,30.457,29.54,,
31/12/2021,29.411,266529900,29.674,30.03,29.3306,,
03/01/2022,30.121,392402900,29.815,30.711,29.785,,
04/01/2022,29.29,527154400,30.277,30.468,28.349,,
05/01/2022,27.604,498063900,28.949,29.416,27.533,,
06/01/2022,28.178,454186400,27.64,28.438,27.065,,
07/01/2022,27.247,409938500,28.141,28.422,27.057,,
10/01/2022,27.4,594681000,26.581,27.469,25.6438,,
11/01/2022,27.817,404089300,27.3225,28.065,26.839,,
12/01/2022,27.999,383413500,28.0665,28.595,27.608,,
13/01/2022,26.575,538868100,28.379,28.48,26.498,,
14/01/2022,26.942,395832400,26.3,27.1969,26.21,,
18/01/2022,25.903,425306200,26.26,26.638,25.77,,
19/01/2022,25.067,488314500,26.079,26.5432,25.052,,
20/01/2022,24.15,435180700,25.304,25.579,24.078,,
21/01/2022,23.374,718957800,23.507,24.823,23.263,,
24/01/2022,23.372,915810600,22.33,23.38,20.888,,
25/01/2022,22.324,664616400,22.546,22.943,22,,
26/01/2022,22.772,755958700,23.24,24.057,22.3,,
27/01/2022,21.944,573352700,23.568,23.995,21.675,,
28/01/2022,22.84,543774300,22.0122,22.858,21.296,,
31/01/2022,24.486,564679700,23.182,24.509,23.052,,
01/02/2022,24.638,518925200,25.104,25.145,23.89,,
02/02/2022,25.242,543419400,25.794,25.817,24.553,,
03/02/2022,23.948,410177800,24.458,25.077,23.78,,
04/02/2022,24.319,354828500,23.972,24.635,23.632,,
07/02/2022,24.728,376867500,24.372,25.182,24.202,,
08/02/2022,25.108,410358600,24.359,25.23,23.98,,
09/02/2022,26.705,524281700,25.622,26.725,25.353,,
10/02/2022,25.824,513199700,25.995,26.925,25.6,,
11/02/2022,23.949,605472000,25.916,26.152,23.773,,
14/02/2022,24.267,440424400,23.934,24.875,23.755,,
15/02/2022,26.495,701752800,24.949,26.545,24.784,,
16/02/2022,26.511,732676300,26.259,26.582,25.552,,
17/02/2022,24.507,810595100,25.63,25.785,24.165,,
18/02/2022,23.642,761254900,24.6675,24.986,23.1,,
22/02/2022,23.39,633422400,23.035,24.064,23,,
23/02/2022,22.387,566510800,23.802,24.155,22.301,,
24/02/2022,23.748,735800600,21.015,23.8,20.89,,
25/02/2022,24.157,528865500,23.721,24.217,23.381,,
28/02/2022,24.385,477318600,23.992,24.665,23.707,,
01/03/2022,23.477,412056000,24.291,24.377,23.132,,
02/03/2022,24.22,389641900,23.756,24.409,23.415,,
03/03/2022,23.714,365095000,24.2615,24.326,23.469,,
04/03/2022,22.936,432010700,23.384,23.68,22.482,,
07/03/2022,21.352,450820900,22.817,23.033,21.33,,
08/03/2022,21.514,557467200,21.309,22.373,20.65,,
09/03/2022,23.014,492742000,22.387,23.22,22.247,,
10/03/2022,22.658,428065700,22.531,22.788,21.882,,
11/03/2022,22.1,367208600,23.022,23.145,22.046,,
14/03/2022,21.33,385354200,21.869,22.262,21.159,,
15/03/2022,22.973,491995700,21.518,23.038,21.322,,
16/03/2022,24.496,671421700,23.5,24.597,23.172,,
17/03/2022,24.766,471941200,24.12,24.842,23.906,,
18/03/2022,26.453,730718600,24.799,26.569,24.624,,
21/03/2022,26.734,591727100,26.507,27.152,25.967,,
22/03/2022,26.524,547007100,26.727,27.238,26.072,,
23/03/2022,25.634,502119900,26.126,26.6115,25.575,,
24/03/2022,28.15,877379100,26.166,28.32,25.907,,
25/03/2022,27.692,579016200,27.886,28.358,27.271,,
28/03/2022,28.219,425493900,27.7555,28.25,27.206,,
29/03/2022,28.656,488984400,28.6945,28.946,27.98,,
30/03/2022,27.69,463487100,28.304,28.4955,27.503,,
31/03/2022,27.286,523440200,27.782,28.248,27.27,,
01/04/2022,26.712,517235100,27.375,27.496,26.267,,
04/04/2022,27.36,397707800,26.728,27.558,26.613,,
05/04/2022,25.931,436614700,27.254,27.319,25.82,,
06/04/2022,24.407,703832600,24.934,25.3,24.003,,
07/04/2022,24.208,557992400,24.441,24.722,23.478,,
08/04/2022,23.119,524780600,23.917,23.923,23.062,,
11/04/2022,21.917,575206800,22.214,22.3199,21.66,,
12/04/2022,21.504,662258100,22.537,22.725,21.282,,
13/04/2022,22.203,516943400,21.728,22.5,21.455,,
14/04/2022,21.258,569096900,22.505,22.777,21.163,,
18/04/2022,21.783,525700600,21.2,22.088,21.079,,
19/04/2022,22.198,512780600,21.72,22.373,21.314,,
20/04/2022,21.482,468974400,22.5171,22.6704,21.2,,
21/04/2022,20.183,656209400,21.7092,22.392,20,,
22/04/2022,19.515,624713400,20.303,20.486,19.5,,
25/04/2022,19.902,641565600,19.202,19.945,19.096,,
26/04/2022,18.788,653142500,19.718,19.788,18.67,,
27/04/2022,18.415,499460200,18.598,19.167,18.29,,
28/04/2022,19.782,570326700,18.967,20.037,18.4896,,
29/04/2022,18.547,500434900,19.402,20.1285,18.517,,
02/05/2022,19.533,572048700,18.5405,19.574,18.391,,
03/05/2022,19.602,475750800,19.4,19.825,19.133,,
04/05/2022,20.334,648854600,19.923,20.4,18.751,,
05/05/2022,18.844,626331400,19.867,19.925,18.5,,
06/05/2022,18.675,633296700,18.736,19.512,17.99,,
09/05/2022,16.95,644454500,18.034,18.255,16.827,,
10/05/2022,17.595,761474300,17.689,18.198,17.025,,
11/05/2022,16.63,670167000,17.347,17.753,16.568,,
12/05/2022,16.175,708728400,16.2191,16.788,15.567,,
13/05/2022,17.706,670436500,16.788,17.9284,16.5925,,
16/05/2022,17.264,521446000,17.509,17.788,17.106,,
17/05/2022,18.177,585829700,18.074,18.371,17.634,,
18/05/2022,16.938,545161100,17.705,18.118,16.864,,
19/05/2022,17.124,621309600,16.937,17.687,16.7341,,
20/05/2022,16.694,739105300,17.332,17.41,15.755,,
23/05/2022,16.898,639888700,16.274,16.915,16.179,,
24/05/2022,16.154,588550000,16.51,16.597,15.78,,
25/05/2022,16.975,781131900,16.02,17.111,16,,
26/05/2022,17.851,996574500,16.036,18.092,16.022,,
27/05/2022,18.811,738379400,18.186,18.881,18.1,,
31/05/2022,18.672,664099500,18.98,19.2,18.35,,
01/06/2022,18.32,544513900,18.724,19.0532,18.122,,
02/06/2022,19.592,648655800,18.292,19.619,18.198,,
03/06/2022,18.72,598778700,19.0815,19.3323,18.5216,,
06/06/2022,18.786,422406200,19.139,19.337,18.5642,,
07/06/2022,18.926,388914100,18.472,19,18.188,,
08/06/2022,18.648,363252500,18.799,19.18,18.535,,
09/06/2022,18.048,395573800,18.481,18.933,18.041,,
10/06/2022,16.974,465649700,17.6,17.697,16.869,,
13/06/2022,15.647,604153400,16,16.312,15.606,,
14/06/2022,15.836,469679500,15.731,16.066,15.412,,
15/06/2022,16.527,563935700,16.095,16.868,15.926,,
16/06/2022,15.601,545748700,15.86,15.9423,15.401,,
17/06/2022,15.88,630334000,15.648,15.995,15.328,,
21/06/2022,16.566,483088900,16.4745,17.008,16.407,,
22/06/2022,16.36,437997400,16.226,16.662,16.18,,
23/06/2022,16.225,463679600,16.5185,16.585,15.853,,
24/06/2022,17.126,472152800,16.5,17.14,16.31,,
27/06/2022,16.869,427967900,17.312,17.33,16.6255,,
28/06/2022,15.982,461859400,16.9,17.202,15.945,,
29/06/2022,15.542,482352300,15.814,15.82,15.17,,
30/06/2022,15.159,686070000,15.361,15.567,14.862,,
01/07/2022,14.523,577610100,14.899,15.0629,14.392,,
05/07/2022,14.964,652207600,14.175,14.971,14.055,,
06/07/2022,15.13,529065900,15.01,15.319,14.789,,
07/07/2022,15.858,492902800,15.4555,15.945,15.389,,
08/07/2022,15.838,467971800,15.43,16.037,15.389,,
11/07/2022,15.152,438388700,15.526,15.527,15.038,,
12/07/2022,15.082,458483100,15.268,15.431,14.877,,
13/07/2022,15.164,521918300,14.59,15.375,14.465,,
14/07/2022,15.372,456234800,15.108,15.473,14.728,,
15/07/2022,15.762,385935500,15.659,15.782,15.445,,
18/07/2022,16.101,670517500,16.302,16.897,16.002,,
19/07/2022,16.992,702366100,16.486,17.11,16.172,,
20/07/2022,17.807,760537800,16.947,17.9325,16.801,,
21/07/2022,18.05,557049300,17.885,18.144,17.5446,,
22/07/2022,17.319,536670900,17.893,17.967,17.1365,,
25/07/2022,17.024,480747500,17.019,17.124,16.649,,
26/07/2022,16.533,397864900,16.889,16.919,16.478,,
27/07/2022,17.79,569776200,17.032,17.936,16.913,,
28/07/2022,17.984,474646300,17.975,18.14,17.44,,
29/07/2022,18.163,435460400,17.813,18.244,17.692,,
01/08/2022,18.441,476469000,18.182,18.846,17.99,,
02/08/2022,18.526,489526900,18.122,18.9375,18.092,,
03/08/2022,18.893,418145600,18.184,18.968,18.137,,
04/08/2022,19.215,409652300,18.849,19.274,18.76,,
05/08/2022,18.989,386068300,18.81,19.2289,18.666,,
08/08/2022,17.793,983783200,17.502,18.239,17.242,,
09/08/2022,17.086,668262700,17.252,17.4472,16.724,,
10/08/2022,18.097,597422500,17.698,18.118,17.317,,
11/08/2022,17.942,509326600,18.131,18.707,17.876,,
12/08/2022,18.709,478094200,18.16,18.718,17.953,,
15/08/2022,19.032,457665600,18.701,19.164,18.613,,
16/08/2022,18.879,451239600,18.9195,19.142,18.501,,
17/08/2022,18.335,446799100,18.523,18.688,18.145,,
18/08/2022,18.773,415446600,18.301,18.865,18.183,,
19/08/2022,17.849,441588300,18.406,18.52,17.77,,
22/08/2022,17.034,409592700,17.49,17.558,16.966,,
23/08/2022,17.181,369985800,16.9885,17.465,16.97,,
24/08/2022,17.222,522660700,17.012,17.406,16.895,,
25/08/2022,17.913,770691300,16.844,17.947,16.833,,
26/08/2022,16.26,769127400,17.857,17.924,16.237,,
29/08/2022,15.801,496131900,16.02,16.338,15.767,,
30/08/2022,15.468,530180700,15.96,16.039,15.182,,
31/08/2022,15.094,573709900,15.384,15.54,14.9585,,
01/09/2022,13.937,1178865000,14.209,14.38,13.2702,,
02/09/2022,13.647,743157500,14.1,14.171,13.591,,
06/09/2022,13.465,535751200,13.731,13.779,13.351,,
07/09/2022,13.714,512657500,13.563,13.838,13.346,,
08/09/2022,13.99,624873100,13.459,14.008,13.369,,
09/09/2022,14.387,487128400,14.157,14.474,14.126,,
12/09/2022,14.505,484159200,14.369,14.547,14.198,,
13/09/2022,13.131,714955600,13.802,13.922,13.099,,
14/09/2022,13.128,588506500,13.254,13.29,12.913,,
15/09/2022,12.929,523625200,13.0152,13.233,12.79,,
16/09/2022,13.198,670751400,12.7415,13.212,12.617,,
19/09/2022,13.382,569685300,13.012,13.463,13.01,,
20/09/2022,13.176,524817800,13.2145,13.4828,13.057,,
21/09/2022,13.261,807679400,13.213,14.031,13.11,,
22/09/2022,12.561,759162200,13.07,13.149,12.428,,
23/09/2022,12.516,663309300,12.42,12.611,12.257,,
26/09/2022,12.228,547342700,12.491,12.659,12.214,,
27/09/2022,12.413,553854100,12.507,12.736,12.258,,
28/09/2022,12.736,542413900,12.41,12.823,12.3539,,
29/09/2022,12.22,532763100,12.448,12.5,11.946,,
30/09/2022,12.139,565638400,12.087,12.633,12.075,,
03/10/2022,12.512,547478500,12.347,12.678,12.105,,
04/10/2022,13.167,584181700,12.879,13.22,12.879,,
05/10/2022,13.209,507130700,12.9107,13.321,12.621,,
06/10/2022,13.13,644156900,13.22,13.656,13.103,,
07/10/2022,12.076,672478200,12.505,12.67,12.022,,
10/10/2022,11.67,698699300,12.037,12.1243,11.4081,,
11/10/2022,11.586,667481600,11.561,11.846,11.283,,
12/10/2022,11.5,492590200,11.579,11.735,11.345,,
13/10/2022,11.96,850103000,10.971,12.078,10.813,,
14/10/2022,11.227,713432000,12.057,12.111,11.204,,
17/10/2022,11.888,580774200,11.518,11.948,11.517,,
18/10/2022,11.967,659362100,12.344,12.492,11.618,,
19/10/2022,12.051,523130600,11.879,12.35,11.834,,
20/10/2022,12.194,652397600,12.113,12.769,12.105,,
21/10/2022,12.466,609494400,12.0982,12.498,11.887,,
24/10/2022,12.599,517457400,12.508,12.71,12.064,,
25/10/2022,13.261,505482300,12.6935,13.3,12.664,,
26/10/2022,12.896,535533300,12.869,13.388,12.708,,
27/10/2022,13.176,583113100,13.63,13.838,13.122,,
28/10/2022,13.834,521039900,13.104,13.85,13.061,,
31/10/2022,13.497,486341000,13.778,13.838,13.297,,
01/11/2022,13.543,432816900,13.811,13.925,13.519,,
02/11/2022,13.219,672627800,13.85,14.21,13.2112,,
03/11/2022,13.421,500064900,13.043,13.781,12.956,,
04/11/2022,14.156,612575900,13.986,14.229,13.697,,
07/11/2022,14.301,410061000,14.228,14.412,13.954,,
08/11/2022,14.602,595292000,14.801,14.891,14.216,,
09/11/2022,13.776,454413700,14.1615,14.211,13.759,,
10/11/2022,15.75,700819300,14.8,15.773,14.547,,
11/11/2022,16.327,655487500,15.8075,16.389,15.482,,
14/11/2022,16.295,527852500,16.218,16.54,15.922,,
15/11/2022,16.666,545875500,16.7215,16.998,16.382,,
16/11/2022,15.91,649546800,16.1615,16.362,15.873,,
17/11/2022,15.677,710893600,15.715,16.266,15.535,,
18/11/2022,15.409,492071700,15.966,16.002,15.12,,
21/11/2022,15.317,404739300,15.147,15.477,15.08,,
22/11/2022,16.038,472866100,15.328,16.0576,15.1216,,
23/11/2022,16.519,427240900,16.098,16.527,16.048,,
25/11/2022,16.27,167934300,16.318,16.487,16.172,,
28/11/2022,15.827,304152000,16.026,16.357,15.725,,
29/11/2022,15.639,298384500,15.827,15.932,15.52,,
30/11/2022,16.923,565298200,15.697,16.93,15.597,,
01/12/2022,17.135,470976600,16.999,17.265,16.635,,
02/12/2022,16.876,371388600,16.659,16.9326,16.445,,
05/12/2022,16.61,352255200,16.679,16.995,16.472,,
06/12/2022,15.987,352694300,16.53,16.573,15.819,,
07/12/2022,16.12,372387600,15.772,16.186,15.667,,
08/12/2022,17.169,515455500,16.273,17.179,15.959,,
09/12/2022,17.001,465338200,17.16,17.583,16.975,,
12/12/2022,17.535,457327800,17.037,17.538,16.797,,
13/12/2022,18.072,656588800,18.531,18.79,17.711,,
14/12/2022,17.674,496888100,17.987,18.252,17.42,,
15/12/2022,16.952,478542100,17.146,17.32,16.7,,
16/12/2022,16.571,478231900,16.8642,17.041,16.41,,
19/12/2022,16.254,354038800,16.572,16.609,16.145,,
20/12/2022,16.085,403259800,16.064,16.31,15.852,,
21/12/2022,16.501,325025400,16.114,16.627,16.102,,
22/12/2022,15.339,565045300,16.0935,16.138,14.882,,
23/12/2022,15.206,349325600,15.196,15.339,14.883,,
27/12/2022,14.121,464902300,15.074,15.1,14.056,,
28/12/2022,14.036,351066500,13.927,14.262,13.884,,
29/12/2022,14.603,354923200,14.402,14.683,14.227,,
30/12/2022,14.614,310489800,14.334,14.629,14.233,,
03/01/2023,14.315,401276600,14.851,14.996,14.096,,
04/01/2023,14.749,431323600,14.567,14.853,14.241,,
05/01/2023,14.265,389168100,14.491,14.564,14.148,,
06/01/2023,14.859,405043600,14.474,15.01,14.034,,
09/01/2023,15.628,504230600,15.284,16.056,15.141,,
10/01/2023,15.909,384101300,15.507,15.962,15.472,,
11/01/2023,16.001,353284900,15.8395,16.028,15.563,,
12/01/2023,16.511,551409100,16.1,16.637,15.492,,
13/01/2023,16.899,447287100,16.278,16.922,16.165,,
17/01/2023,17.702,511102200,16.899,17.728,16.899,,
18/01/2023,17.377,439623600,17.667,17.873,17.282,,
19/01/2023,16.765,452931600,17.036,17.197,16.731,,
20/01/2023,17.839,564967100,17.011,17.856,16.825,,
23/01/2023,19.193,655162600,18.064,19.245,17.8175,,
24/01/2023,19.265,496204100,18.827,19.495,18.82,,
25/01/2023,19.323,449537100,18.9125,19.37,18.58,,
26/01/2023,19.802,489535400,19.701,20.166,19.278,,
27/01/2023,20.365,542142000,19.462,20.628,19.405,,
30/01/2023,19.162,488611200,19.95,20.14,19.15,,
31/01/2023,19.537,498016600,19.1695,19.687,18.95,,
01/02/2023,20.943,660477000,19.691,21.192,19.611,,
02/02/2023,21.709,564275800,21,21.949,20.7,,
03/02/2023,21.1,429366000,21,21.745,20.789,,
06/02/2023,21.089,452197100,20.806,21.57,20.786,,
07/02/2023,22.173,664149600,21.382,22.259,21.15,,
08/02/2023,22.205,559651200,22.387,22.878,22.008,,
09/02/2023,22.337,523875800,22.606,23.02,22.12,,
10/02/2023,21.265,550736800,21.69,22.0776,20.811,,
13/02/2023,21.788,474918600,21.538,22.048,20.962,,
14/02/2023,22.971,675473500,21.578,23.0488,21.366,,
15/02/2023,22.764,421188300,22.549,22.855,22.106,,
16/02/2023,22.002,412026300,22.133,22.55,21.9268,,
17/02/2023,21.388,465887600,21.631,21.74,20.975,,
21/02/2023,20.655,410014600,21,21.4938,20.618,,
22/02/2023,20.754,513184300,20.707,21.104,20.421,,
23/02/2023,23.664,1117995000,23.44,23.888,23.025,,
24/02/2023,23.286,589715900,23.225,23.474,22.947,,
27/02/2023,23.501,452993700,23.67,23.8799,23.454,,
28/02/2023,23.216,455962800,23.372,23.825,23.206,,
01/03/2023,22.698,460025600,23.192,23.2556,22.508,,
02/03/2023,23.314,390074700,22.488,23.3804,22.432,,
03/03/2023,23.89,412393300,23.32,23.9,23.13,,
06/03/2023,23.554,437429200,23.891,24.248,23.487,,
07/03/2023,23.288,515153900,23.6,24.125,23.241,,
08/03/2023,24.181,513573400,23.487,24.2,23.4235,,
09/03/2023,23.436,501257000,24.175,24.454,23.3828,,
10/03/2023,22.965,474865700,23.409,23.627,22.726,,
13/03/2023,22.966,421890300,22.752,23.298,22.297,,
14/03/2023,24.063,474910100,23.496,24.219,23.46,,
15/03/2023,24.228,524485700,23.761,24.286,23.36,,
16/03/2023,25.541,584946300,24.027,25.588,23.894,,
17/03/2023,25.725,848546600,25.982,26.399,25.668,,
20/03/2023,25.9,432747200,25.615,26.024,25.1298,,
21/03/2023,26.199,547407800,26.18,26.392,25.381,,
22/03/2023,26.468,797295100,26.425,27.589,26.237,,
23/03/2023,27.191,564888800,27.1155,27.499,26.69,,
24/03/2023,26.779,455414100,27.031,27.167,26.355,,
27/03/2023,26.531,361025700,26.837,27,26.365,,
28/03/2023,26.41,356103800,26.447,26.513,25.85,,
29/03/2023,26.984,393693900,26.825,27.078,26.597,,
30/03/2023,27.383,364515700,27.229,27.499,27.102,,
31/03/2023,27.777,433932800,27.14,27.8343,27.105,,
03/04/2023,27.965,398715600,27.509,28,27.336,,
04/04/2023,27.453,368591500,27.966,28,27.307,,
05/04/2023,26.881,515014700,26.829,26.998,26.395,,
06/04/2023,27.037,397654300,26.584,27.08,26.427,,
10/04/2023,27.579,395278600,26.823,27.621,26.669,,
11/04/2023,27.169,314378200,27.7235,27.79,27.126,,
12/04/2023,26.495,446259000,27.37,27.468,26.4475,,
13/04/2023,26.463,353615300,26.734,26.8869,26.329,,
14/04/2023,26.758,395660100,26.504,26.883,26.22,,
17/04/2023,27.002,321471300,26.5655,27.006,26.4332,,
18/04/2023,27.667,604811500,27.5335,28.11,27.357,,
19/04/2023,27.931,358660400,27.361,28,27.232,,
20/04/2023,27.104,427713300,27.671,28.03,27,,
21/04/2023,27.119,345102800,26.952,27.183,26.722,,
24/04/2023,27.042,339281900,27.013,27.366,26.671,,
25/04/2023,26.241,378527200,27.078,27.247,26.225,,
26/04/2023,26.956,406336800,27.002,27.33,26.7051,,
27/04/2023,27.226,377161200,27.363,27.495,26.625,,
28/04/2023,27.749,292216100,27.225,27.758,27.0715,,
01/05/2023,28.91,570328500,27.84,29.0584,27.78,,
02/05/2023,28.21,402729600,28.68,28.836,28.083,,
03/05/2023,27.802,383387400,27.84,28.367,27.472,,
04/05/2023,27.562,321850400,27.651,27.859,27.24,,
05/05/2023,28.68,361494100,27.8255,28.755,27.731,,
08/05/2023,29.151,344978900,28.522,29.22,28.35,,
09/05/2023,28.571,314869500,28.899,28.973,28.45,,
10/05/2023,28.885,369350000,29.005,29.113,28.4613,,
11/05/2023,28.578,322149000,28.896,28.95,28.246,,
12/05/2023,28.34,274222300,28.529,28.78,28.046,,
15/05/2023,28.953,293925900,28.5085,28.969,28.152,,
16/05/2023,29.213,449404900,28.841,29.87,28.832,,
17/05/2023,30.178,432535400,29.584,30.199,29.43,,
18/05/2023,31.678,748725000,30.41,31.828,30.32,,
19/05/2023,31.264,473907700,31.536,31.58,30.916,,
22/05/2023,31.176,371999700,30.901,31.52,30.68,,
23/05/2023,30.688,356253300,31,31.288,30.631,,
24/05/2023,30.538,721418500,30.21,30.607,29.806,,
25/05/2023,37.98,1543911000,38.523,39.48,36.635,,
26/05/2023,38.946,714396800,37.89,39.17,37.55,,
30/05/2023,40.111,923401100,40.595,41.938,39.949,,
31/05/2023,37.834,1002580000,39.488,40.295,37.822,,
01/06/2023,39.77,635873000,38.489,40.05,38.34,,
02/06/2023,39.327,482731200,40.097,40.5,39.058,,
05/06/2023,39.171,396093800,38.909,39.565,38.707,,
06/06/2023,38.654,388729100,38.83,39.16,38.148,,
07/06/2023,37.475,511997900,38.915,39.499,37.356,,
08/06/2023,38.51,417772400,37.724,38.864,37.505,,
09/06/2023,38.77,427717500,39.037,39.711,38.567,,
12/06/2023,39.482,389673400,39.2,39.53,38.618,,
13/06/2023,41.022,613208200,40.186,41.101,39.74,,
14/06/2023,42.997,740465000,40.824,43,40.552,,
15/06/2023,42.653,568622000,42.602,43.289,42.147,,
16/06/2023,42.692,655709400,43.45,43.721,42.6605,,
20/06/2023,43.808,451153100,42.998,43.99,42.674,,
21/06/2023,43.045,551602900,43.501,43.615,42.08,,
22/06/2023,43.025,417737400,42.253,43.4255,42.234,,
23/06/2023,42.209,358139800,42.464,42.809,42.015,,
26/06/2023,40.632,594321900,42.461,42.764,40.1,,
27/06/2023,41.876,462174700,40.799,41.94,40.448,,
28/06/2023,41.117,582639300,40.66,41.845,40.518,,
29/06/2023,40.822,380514300,41.558,41.6,40.6,,
30/06/2023,42.302,501147800,41.68,42.55,41.501,,
03/07/2023,42.413,197754100,42.517,42.898,42.202,,
05/07/2023,42.317,323617600,42.135,43.177,42.085,,
06/07/2023,42.103,304138800,41.844,42.179,41.346,,
07/07/2023,42.503,355881500,42.322,43.214,42.18,,
10/07/2023,42.18,353908100,42.657,42.811,41.649,,
11/07/2023,42.405,298244100,42.481,42.758,42.067,,
12/07/2023,43.902,481277000,43.033,43.935,42.7773,,
13/07/2023,45.977,478203700,44.518,46.155,44.492,,
14/07/2023,45.469,772075300,46.5828,48.088,45.06,,
17/07/2023,46.461,510488200,46.289,46.496,45.2624,,
18/07/2023,47.494,570190400,46.701,47.896,45.734,,
19/07/2023,47.077,427501800,47.464,47.818,46.742,,
20/07/2023,45.52,537864500,46.507,47.087,45.062,,
21/07/2023,44.309,963768600,45.788,45.866,44.1,,
24/07/2023,44.612,383099700,44.731,45.109,44.04,,
25/07/2023,45.679,348080900,44.941,46.1825,44.923,,
26/07/2023,45.452,364237300,46.021,46.053,44.63,,
27/07/2023,45.9,455975500,46.519,47.395,45.75,,
28/07/2023,46.75,331194200,46.668,47.027,46.381,,
31/07/2023,46.729,251055300,46.754,47.13,46.506,,
01/08/2023,46.507,239276000,46.4595,46.9,46.027,,
02/08/2023,44.269,530141600,45.831,45.84,43.387,,
03/08/2023,44.515,325076600,43.8,45.118,43.8,,
04/08/2023,44.68,362666200,44.985,45.642,44.393,,
07/08/2023,45.4165,322153500,45.111,45.54,44.5635,,
08/08/2023,44.664,353843400,44.853,45.242,44.056,,
09/08/2023,42.554,586449100,44.274,44.312,42.134,,
10/08/2023,42.388,492705300,42.16,43.574,41.835,,
11/08/2023,40.855,533085300,41.751,42.018,40.639,,
14/08/2023,43.753,690285800,40.486,43.8,40.311,,
15/08/2023,43.94,676511500,44.56,45.268,43.71,,
16/08/2023,43.486,527450700,44.52,44.675,43.406,,
17/08/2023,43.3435,452394800,43.97,44.062,43.001,,
18/08/2023,43.299,583767900,42.635,43.578,41.66,,
21/08/2023,46.967,692573400,44.494,47.065,44.222,,
22/08/2023,45.668,757206900,48.135,48.187,45.3331,,
23/08/2023,47.116,779046100,45.866,47.2,45.208,,
24/08/2023,47.163,1156044000,50.216,50.266,47.159,,
25/08/2023,46.018,925340500,47.012,47.805,45.024,,
28/08/2023,46.835,685192200,46.482,46.98,44.888,,
29/08/2023,48.784,701397000,46.666,49.081,46.391,,
30/08/2023,49.264,735206000,49.044,49.927,48.425,,
31/08/2023,49.355,528569800,49.38,49.744,48.958,,
01/09/2023,48.509,463830300,49.762,49.8,48.1416,,
05/09/2023,48.548,382652600,48.223,48.8508,47.86,,
06/09/2023,47.061,468669600,48.441,48.549,46.58,,
07/09/2023,46.241,433329900,45.525,46.344,45.152,,
08/09/2023,45.572,473899900,45.942,46.606,45.271,,
11/09/2023,45.178,473965600,46.148,46.163,44.312,,
12/09/2023,44.87,349256300,44.738,45.673,44.531,,
13/09/2023,45.485,398355400,44.6,45.93,44.503,,
14/09/2023,45.581,370097200,45.95,45.987,45.131,,
15/09/2023,43.9,506830500,45.341,45.599,43.808,,
18/09/2023,43.966,500270800,42.748,44.242,42,,
19/09/2023,43.52,373064200,43.833,43.966,43.002,,
20/09/2023,42.239,367107700,43.6,43.903,42.223,,
21/09/2023,41.017,450736000,41.583,42.1,40.98,,
22/09/2023,41.61,479236300,41.572,42.115,41.231,,
25/09/2023,42.222,419091000,41.591,42.536,41.177,,
26/09/2023,41.911,402282100,42.001,42.82,41.655,,
27/09/2023,42.468,444935200,42.33,42.872,41.629,,
28/09/2023,43.089,424662800,42.46,43.4463,42.115,,
29/09/2023,43.499,397829900,43.827,44.144,43.3069,,
02/10/2023,44.782,433298200,44.03,45.175,43.861,,
03/10/2023,43.517,470849500,44.808,45.13,43.246,,
04/10/2023,44.041,361820900,43.742,44.143,43.292,,
05/10/2023,44.688,393483100,44.05,44.9,43.888,,
06/10/2023,45.762,434436000,44.193,45.789,44.026,,
09/10/2023,45.273,409674700,44.842,45.605,44.368,,
10/10/2023,45.798,368582100,45.31,46.259,45.088,,
11/10/2023,46.806,378136900,46.196,46.859,46.05,,
12/10/2023,46.945,481325000,46.777,47.609,46.33,,
13/10/2023,45.461,475426000,46.96,47.116,45.28,,
16/10/2023,46.095,375099200,45.063,46.225,44.912,,
17/10/2023,43.938,812332700,44,44.754,42.48,,
18/10/2023,42.196,627294300,42.591,43.219,41.825,,
19/10/2023,42.101,501233100,42.811,43.297,41.882,,
20/10/2023,41.387,477266100,41.89,42.47,41.078,,
23/10/2023,42.975,478530500,41.229,43.248,40.945,,
24/10/2023,43.663,401463400,43.077,43.697,42.691,,
25/10/2023,41.779,398379200,43.398,43.65,41.555,,
26/10/2023,40.326,541001300,41.853,42.2555,39.8802,,
27/10/2023,40.5,416784400,41.13,41.206,40.015,,
30/10/2023,41.161,388028100,41.087,41.766,40.481,,
31/10/2023,40.78,517968700,40.45,40.879,39.23,,
01/11/2023,42.325,437592900,40.884,42.381,40.869,,
02/11/2023,43.506,409171900,43.328,43.884,42.894,,
03/11/2023,45.005,424609600,44.02,45.309,43.723,,
06/11/2023,45.751,400733400,45.2845,45.935,44.899,,
07/11/2023,45.955,343165500,45.719,46.218,45.1575,,
08/11/2023,46.574,346718900,46.1,46.867,45.968,,
09/11/2023,46.95,540496000,47.467,48.23,46.75,,
10/11/2023,48.335,422441600,47.5,48.472,47.283,,
13/11/2023,48.62,384135700,48.32,49.116,48.099,,
14/11/2023,49.656,416953900,49.68,49.834,49.04,,
15/11/2023,48.888,475497400,49.935,49.96,48.2,,
16/11/2023,49.48,339756200,48.679,49.5247,48.33,,
17/11/2023,49.298,325896900,49.524,49.717,49.007,,
20/11/2023,50.409,416142600,49.312,50.548,49.181,,
21/11/2023,49.944,565746900,50.126,50.517,49.222,,
22/11/2023,48.716,900642300,49.852,50.3349,47.69,,
24/11/2023,47.776,294644600,48.47,48.921,47.745,,
27/11/2023,48.242,395661900,47.8,48.53,47.652,,
28/11/2023,47.821,401490900,48.236,48.3229,47.473,,
29/11/2023,48.14,382004700,48.379,48.762,47.86,,
30/11/2023,46.77,526246600,48.024,48.11,46.422,,
01/12/2023,46.765,369317000,46.525,47.2,46.187,,
04/12/2023,45.51,437543400,46.077,46.077,45.01,,
05/12/2023,46.566,371717600,45.466,46.6,45.271,,
06/12/2023,45.503,380589600,47.2145,47.387,45.412,,
07/12/2023,46.596,350822600,45.7,46.629,45.604,,
08/12/2023,47.506,359223700,46.595,47.7409,46.55,,
11/12/2023,46.627,509728100,47.491,47.531,45.83,,
12/12/2023,47.657,372386900,46.046,47.666,46.046,,
13/12/2023,48.088,447791900,47.629,48.594,47.608,,
14/12/2023,48.35,391231700,48.39,48.67,47.422,,
15/12/2023,48.89,479947600,48.194,49.404,48.12,,
18/12/2023,50.077,412587200,49.4,50.433,49.15,,
19/12/2023,49.604,464444500,49.424,49.7,48.895,,
20/12/2023,48.111,397894400,49.655,49.999,48.098,,
21/12/2023,48.99,300425400,48.811,49.095,48.419,,
22/12/2023,48.83,252506800,49.195,49.383,48.467,,
26/12/2023,49.279,244199500,48.968,49.6,48.96,,
27/12/2023,49.417,233648000,49.511,49.68,49.085,,
28/12/2023,49.522,246587500,49.643,49.884,49.412,,
29/12/2023,49.522,389293300,49.813,49.997,48.751,,
02/01/2024,48.168,411254200,49.244,49.295,47.595,,
03/01/2024,47.569,320896200,47.485,48.1841,47.32,,
04/01/2024,47.998,306534900,47.767,48.5,47.508,,
05/01/2024,49.097,415039300,48.462,49.547,48.306,,
08/01/2024,52.253,642509900,49.512,52.275,49.479,,
09/01/2024,53.14,773100100,52.401,54.325,51.69,,
10/01/2024,54.35,533795800,53.616,54.6,53.489,,
11/01/2024,54.822,596758800,54.999,55.346,53.56,,
12/01/2024,54.71,352993600,54.62,54.97,54.3301,,
16/01/2024,56.382,449579700,55.018,56.835,54.9,,
17/01/2024,56.053,474394400,56.347,56.4707,54.74,,
18/01/2024,57.107,491650400,57.26,57.6,56.107,,
19/01/2024,59.491,543501500,57.989,59.5,57.225,,
22/01/2024,59.654,452954600,60.049,60.331,59.07,,
23/01/2024,59.873,294654500,59.57,59.91,58.585,,
24/01/2024,61.362,560270800,60.304,62.849,59.938,,
25/01/2024,61.617,482776800,62.35,62.719,60.85,,
26/01/2024,61.031,390308600,60.96,61.783,60.573,,
29/01/2024,62.465,348733000,61.232,62.489,60.907,,
30/01/2024,62.774,410735300,62.9,63.493,62.26,,
31/01/2024,61.527,453794900,61.44,62.269,60.7,,
01/02/2024,63.027,369145800,62.1,63.191,61.65,,
02/02/2024,66.16,476577700,63.974,66.6,63.69,,
05/02/2024,69.332,680078000,68.225,69.497,67.205,,
06/02/2024,68.223,683111400,69.63,69.754,66.3,,
07/02/2024,70.099,495574600,68.319,70.22,67.6,,
08/02/2024,69.641,414422100,70.074,70.794,69.455,,
09/02/2024,72.133,436636900,70.533,72.185,70.212,,
12/02/2024,72.248,613710200,72.6,74.611,71.25,,
13/02/2024,72.128,602580200,70.4,73.45,69.62,,
14/02/2024,73.9,504917400,73.202,74.236,71.938,,
15/02/2024,72.658,420121800,73.869,73.975,72.4,,
16/02/2024,72.613,495326600,74.1,74.402,72.501,,
20/02/2024,69.452,704833100,71.947,71.956,67.734,,
21/02/2024,67.472,690298100,68.006,68.888,66.248,,
22/02/2024,78.538,865099700,75.025,78.575,74.22,,
23/02/2024,78.817,829388400,80.79,82.394,77.57,,
26/02/2024,79.092,503972700,79.7,80.646,78.505,,
27/02/2024,78.701,391705200,79.381,79.48,77.162,,
28/02/2024,77.663,393110400,77.62,78.933,77.125,,
29/02/2024,79.112,507289000,79.094,79.99,78.35,,
01/03/2024,82.279,479135100,80,82.3,79.435,,
04/03/2024,85.237,615616500,84.13,87.695,83.719,,
05/03/2024,85.964,520639300,85.27,86.097,83.417,,
06/03/2024,88.7,582520300,88.022,89.724,87.03,,
07/03/2024,92.669,608119200,90.158,92.767,89.602,,
08/03/2024,87.528,1142269000,95.1379,97.4,86.506,,
11/03/2024,85.774,678364100,86.429,88.797,84.166,,
12/03/2024,91.913,668075200,88.049,91.96,86.1501,,
13/03/2024,90.888,635712900,91.055,91.504,88.435,,
14/03/2024,87.944,602318200,89.577,90.646,86.6,,
15/03/2024,87.8365,642086200,86.93,89.546,86.257,,
18/03/2024,88.455,668975900,90.388,92.405,87.085,,
19/03/2024,89.398,672171300,86.7,90.544,85.01,,
20/03/2024,90.372,479062800,89.797,90.41,88.223,,
21/03/2024,91.435,480372300,92.3,92.648,90.405,,
22/03/2024,94.289,586719400,91.141,94.778,90.834,,
25/03/2024,95.002,552136100,93.941,96.766,93.51,,
26/03/2024,92.561,513647600,95.851,96.375,92.502,,
27/03/2024,90.25,586067200,93.112,93.24,89.123,,
28/03/2024,90.356,435212300,90,91.3,89.193,,
01/04/2024,90.363,452441500,90.299,92.225,89.204,,
02/04/2024,89.452,433063600,88.448,90.094,87.62,,
03/04/2024,88.964,370066600,88.484,90.374,88.4,,
04/04/2024,85.905,434964900,90.406,90.634,85.88,,
05/04/2024,88.008,399678500,86.866,88.481,85.926,,
08/04/2024,87.133,283220000,88.7,88.83,86.732,,
09/04/2024,85.354,503547400,87.442,87.635,83.022,,
10/04/2024,87.039,431928500,83.926,87.4,83.709,,
11/04/2024,90.616,431637300,87.42,90.739,86.926,,
12/04/2024,88.186,426804800,89.699,90.175,87.53,,
15/04/2024,86.001,443077000,89.098,90.613,85.929,,
16/04/2024,87.415,370453000,86.4325,88.118,86.0639,,
17/04/2024,84.035,495399500,88.34,88.775,83.95,,
18/04/2024,84.671,447260300,84.97,86.19,82.402,,
19/04/2024,76.2,875198000,83.15,84.324,75.606,,
22/04/2024,79.518,596340500,78.104,80.073,76.4,,
23/04/2024,82.423,438559400,80.769,82.769,80.264,,
24/04/2024,79.677,512207500,83.95,84.082,79.183,,
25/04/2024,82.632,424640700,78.868,83.323,78.223,,
26/04/2024,87.735,551010800,83.818,88.3309,83.387,,
29/04/2024,87.757,388970800,87.595,87.992,85.266,,
30/04/2024,86.402,363708700,87.24,88.819,86.3,,
01/05/2024,83.041,559863200,85.077,86,81.2546,,
02/05/2024,85.817,377897500,84.449,86.237,83.2,,
03/05/2024,88.789,398340700,87.789,89.281,87.04,,
06/05/2024,92.14,376202600,89.39,92.22,89.055,,
07/05/2024,90.554,437341600,91.098,91.781,89.011,,
08/05/2024,90.412,325721000,89.4825,91.194,89.42,,
09/05/2024,88.747,378012700,90.529,91.072,88.231,,
10/05/2024,89.878,335325400,90.3045,91.401,89.227,,
13/05/2024,90.399,289680200,90.478,90.998,88.529,,
14/05/2024,91.356,296507100,89.599,91.651,88.934,,
15/05/2024,94.63,417735500,92.472,94.862,91.599,,
16/05/2024,94.359,323951800,94.91,95.819,94.103,,
17/05/2024,92.479,359691000,94.369,94.74,91.806,,
20/05/2024,94.78,318764500,93.75,95.2,93.44,,
21/05/2024,95.386,328946500,93.599,95.4,93.18,,
22/05/2024,94.95,548648000,95.459,96.02,93.249,,
23/05/2024,103.799,835065300,102.028,106.32,101.52,,
24/05/2024,106.469,429493700,104.449,106.475,103,,
28/05/2024,113.901,652727900,110.244,114.939,109.883,,
29/05/2024,114.825,557441900,113.05,115.492,110.901,,
30/05/2024,110.5,487350300,114.65,115.8191,109.663,,
31/05/2024,109.633,613262500,112.52,112.717,106.94,,
03/06/2024,115,438391800,113.621,115,112.003,,
04/06/2024,116.437,403324000,115.716,116.6,114.045,,
05/06/2024,122.44,528401800,118.371,122.4495,117.468,,
06/06/2024,120.998,664696200,124.048,125.587,118.32,,
07/06/2024,120.888,412385800,119.77,121.6917,118.022,,
10/06/2024,121.79,314162700,120.37,123.1,117.01,,
11/06/2024,120.91,222551200,121.77,122.87,118.74,,
12/06/2024,125.2,299595000,123.06,126.88,122.57,,
13/06/2024,129.61,260704500,129.39,129.8,127.16,,
14/06/2024,131.88,309320400,129.96,132.84,128.32,,
17/06/2024,130.98,288504400,132.99,133.73,129.58,,
18/06/2024,135.58,294335100,131.14,136.33,130.69,,
20/06/2024,130.78,517768400,139.8,140.76,129.52,,
21/06/2024,126.57,655484700,127.12,130.63,124.3,,
24/06/2024,118.11,476060900,123.24,124.46,118.04,,
25/06/2024,126.09,425787500,121.2,126.5,119.32,,
26/06/2024,126.4,362975900,126.13,128.12,122.6,,
27/06/2024,123.99,252571700,124.1,126.41,122.92,,
28/06/2024,123.54,315516700,124.58,127.71,122.75,,
01/07/2024,124.3,284885500,123.47,124.84,118.83,,
02/07/2024,122.67,218374000,121.13,123.41,121.03,,
03/07/2024,128.28,215749000,121.66,128.28,121.36,,
05/07/2024,125.83,214176700,127.38,128.85,125.68,,
08/07/2024,128.2,237677300,127.49,130.77,127.04,,
09/07/2024,131.38,287020800,130.35,133.82,128.65,,
10/07/2024,134.91,248978600,134.03,135.1,132.42,,
11/07/2024,127.4,374782700,135.75,136.15,127.05,,
12/07/2024,129.24,252680500,128.26,131.92,127.22,,
15/07/2024,128.44,208326200,130.56,131.39,127.18,,
16/07/2024,126.36,214769500,128.44,129.04,124.58,,
17/07/2024,117.99,390086200,121.35,121.85,116.72,,
18/07/2024,121.09,320979500,121.85,122.4,116.56,,
19/07/2024,117.93,217223800,120.35,121.6,117.37,,
22/07/2024,123.54,258068900,120.35,124.07,119.86,,
23/07/2024,122.59,173911000,122.78,124.69,122.1,,
24/07/2024,114.25,327776900,119.17,119.95,113.44,,
25/07/2024,112.28,460067000,113.04,116.63,106.3,,
26/07/2024,113.06,293399100,116.19,116.2,111.58,,
29/07/2024,111.59,248152100,113.69,116.28,111.3,,
30/07/2024,103.73,486833300,111.52,111.99,102.54,,
31/07/2024,117.02,473174200,112.9,118.34,110.88,,
01/08/2024,109.21,523462300,117.53,120.16,106.8104,,
02/08/2024,107.27,482027500,103.76,108.72,101.37,,
05/08/2024,100.45,552842400,92.06,103.41,90.69,,
06/08/2024,104.25,409012100,103.84,107.71,100.55,,
07/08/2024,98.91,411440400,107.81,108.8,98.69,,
08/08/2024,104.97,391910000,102,105.5,97.52,,
09/08/2024,104.75,290844200,105.64,106.6,103.43,,
12/08/2024,109.02,325559900,106.32,111.07,106.26,,
13/08/2024,116.14,312646700,112.44,116.23,111.58,,
14/08/2024,118.08,339246400,118.53,118.6,114.07,,
15/08/2024,122.86,318086700,118.76,123.24,117.47,,
16/08/2024,124.58,302589900,121.94,125,121.18,,
19/08/2024,130,318333600,124.28,130,123.42,,
20/08/2024,127.25,300087400,128.4,129.88,125.89,,
21/08/2024,128.5,257883600,127.315,129.35,126.66,,
22/08/2024,123.74,376189100,130.02,130.75,123.1,,
23/08/2024,129.37,323230300,125.86,129.6,125.22,,
26/08/2024,126.46,331964700,129.57,131.26,124.37,,
27/08/2024,128.3,303134600,125.05,129.2,123.88,,
28/08/2024,125.61,448101100,128.12,128.33,122.64,,
29/08/2024,117.59,453023300,121.355,124.43,116.71,,
30/08/2024,119.37,333751600,119.53,121.75,117.22,,
03/09/2024,108,477155100,116.01,116.21,107.29,,
04/09/2024,106.21,372470300,105.41,113.27,104.12,,
05/09/2024,107.21,306850700,104.985,109.65,104.76,,
06/09/2024,102.83,413638100,108.04,108.15,100.95,,
09/09/2024,106.47,273912000,104.88,106.55,103.69,,
10/09/2024,108.1,268283700,107.81,109.4,104.95,,
11/09/2024,116.91,441422400,109.39,117.19,107.42,,
12/09/2024,119.14,367100500,116.84,120.79,115.38,,
13/09/2024,119.1,238358300,119.08,119.955,117.6,,
16/09/2024,116.78,248772300,116.79,118.18,114.36,,
17/09/2024,115.59,231925900,118.17,118.8,114.83,,
18/09/2024,113.37,310318900,115.89,117.7,113.22,,
19/09/2024,117.87,293506400,117.35,119.66,117.25,,
20/09/2024,116,382462400,117.06,118.6181,115.3901,,
23/09/2024,116.26,206228500,116.55,116.99,114.86,,
24/09/2024,120.87,354966800,116.515,121.8,115.38,,
25/09/2024,123.51,284692900,122.02,124.94,121.61,,
26/09/2024,124.04,302582900,126.8,127.665,121.8,,
27/09/2024,121.4,271009200,123.97,124.03,119.26,,
30/09/2024,121.44,227053700,118.31,121.5,118.15,,
01/10/2024,117,302094500,121.765,122.4351,115.79,,
02/10/2024,118.85,221845900,116.44,119.38,115.14,,
03/10/2024,122.85,277118000,120.92,124.36,120.3401,,
04/10/2024,124.92,244465600,124.94,125.04,121.83,,
07/10/2024,127.72,346250200,124.99,130.64,124.95,,
08/10/2024,132.89,285722500,130.26,133.48,129.42,,
09/10/2024,132.65,246191600,134.11,134.52,131.38,,
10/10/2024,134.81,242311300,131.91,135,131,,
11/10/2024,134.8,170209500,134.01,135.78,133.66,,
14/10/2024,138.07,232347700,136.47,139.6,136.3,,
15/10/2024,131.6,377831000,137.87,138.57,128.74,,
16/10/2024,135.72,264879700,133.98,136.62,131.58,,
17/10/2024,136.93,306435900,139.34,140.89,136.87,,
18/10/2024,138,176090200,138.665,138.9,137.28,,
21/10/2024,143.71,264554500,138.13,143.71,138,,
22/10/2024,143.59,226311600,142.91,144.42,141.78,,
23/10/2024,139.56,285930000,142.03,142.43,137.46,,
24/10/2024,140.41,172354900,140.82,141.35,138.46,,
25/10/2024,141.54,205122100,140.93,144.13,140.8,,
28/10/2024,140.52,173586700,143,143.14,140.05,,
29/10/2024,141.25,157593600,140.285,142.2598,138.9,,
30/10/2024,139.335,179418100,139.54,140.33,136.81,,
31/10/2024,132.76,270039600,137.6,137.61,132.1106,,
01/11/2024,135.4,207127800,134.7,137.31,134.57,,
04/11/2024,136.05,187528200,137.21,138.96,135.57,,
05/11/2024,139.91,160537400,137.45,140.3701,137.33,,
06/11/2024,145.61,242043900,142.96,146.49,141.96,,
07/11/2024,148.88,207323300,146.39,148.93,146.17,,
08/11/2024,147.63,175665800,148.77,149.77,146.26,,
11/11/2024,145.26,182325600,148.68,148.85,143.57,,
12/11/2024,148.29,198634700,146.78,149.65,146.01,,
13/11/2024,146.27,191903300,149.07,149.33,145.9,,
14/11/2024,146.76,194463300,147.64,149,145.55,,
15/11/2024,141.98,250132900,144.87,145.24,140.08,,
18/11/2024,140.15,221866000,139.5,141.55,137.15,,
19/11/2024,147.01,227834900,141.32,147.13,140.99,,
20/11/2024,145.89,309871700,147.41,147.56,142.73,,
21/11/2024,146.67,400946600,149.35,152.89,140.7,,
22/11/2024,141.95,236406200,145.93,147.16,141.1,,
25/11/2024,136.02,344941900,141.99,142.05,135.82,,
26/11/2024,136.92,190287700,137.7,139.3,135.67,,
27/11/2024,135.34,226370900,135.01,137.22,131.8,,
29/11/2024,138.25,141863200,136.78,139.35,136.05,,
02/12/2024,138.63,171682800,138.83,140.45,137.825,,
03/12/2024,140.26,164414000,138.26,140.54,137.95,,
04/12/2024,145.14,231224300,141.995,145.79,140.29,,
05/12/2024,145.06,172621200,145.11,146.54,143.95,,
06/12/2024,142.44,188505600,144.6,145.7,141.31,,
09/12/2024,138.81,189308600,138.97,139.95,137.13,,
10/12/2024,135.07,210020900,139.01,141.82,133.79,,
11/12/2024,139.31,184905200,137.36,140.17,135.21,,
12/12/2024,137.34,159211400,137.08,138.44,135.8,,
13/12/2024,134.25,231514900,138.94,139.6,132.54,,
16/12/2024,132,237951100,134.18,134.4,130.42,,
17/12/2024,130.39,259410300,129.09,131.59,126.86,,
18/12/2024,128.91,277444500,133.86,136.7,128.28,,
19/12/2024,130.68,209719200,131.76,134.03,129.55,,
20/12/2024,134.7,306528600,129.81,135.28,128.22,,
23/12/2024,139.67,176053500,136.28,139.79,135.1201,,
24/12/2024,140.22,105157000,140,141.9,138.65,,
26/12/2024,139.93,116519100,139.7,140.85,137.73,,
27/12/2024,137.01,170582600,138.55,139.02,134.71,,
30/12/2024,137.49,167734700,134.83,140.27,134.02,,
31/12/2024,134.29,155659200,138.03,138.07,133.83,,
02/01/2025,138.31,198247200,136,138.88,134.63,,
03/01/2025,144.47,229322500,140.01,144.9,139.73,,
06/01/2025,149.43,265377400,148.59,152.156,147.8201,,
07/01/2025,140.14,351782200,153.03,153.13,140.01,,
08/01/2025,140.11,227349900,142.58,143.95,137.56,,
10/01/2025,135.91,207602500,137.45,139.92,134.22,,
13/01/2025,133.23,204808900,129.99,133.49,129.51,,
14/01/2025,131.76,195590500,136.05,136.38,130.05,,
15/01/2025,136.24,185217300,133.65,136.45,131.29,,
16/01/2025,133.57,209235600,138.64,138.75,133.49,,
17/01/2025,137.71,201188800,136.69,138.5,135.4649,,
21/01/2025,140.83,197749000,139.16,141.83,137.09,,
22/01/2025,147.07,237651400,144.66,147.79,143.67,,
23/01/2025,147.22,155915500,145.05,147.23,143.72,,
24/01/2025,142.62,234657600,148.37,148.97,141.88,,
27/01/2025,118.42,818830900,124.8,128.4,116.7,,
28/01/2025,128.99,579666400,121.81,129,116.25,,
29/01/2025,123.7,467120600,126.5,126.89,120.05,,
30/01/2025,124.65,392925500,123.1,125,118.1,,
31/01/2025,120.07,390372900,123.78,127.85,119.19,,
03/02/2025,116.66,371235700,114.75,118.57,113.01,,
04/02/2025,118.65,256550000,116.96,121.2,116.7,,
05/02/2025,124.83,263110600,121.76,125,120.76,,
06/02/2025,128.68,251483600,127.42,128.77,125.21,,
07/02/2025,129.84,228186300,129.22,130.37,125,,
10/02/2025,133.57,216989100,130.09,135,129.96,,
11/02/2025,132.8,178902400,132.58,134.48,131.02,,
12/02/2025,131.14,160278600,130.02,132.24,129.08,,
13/02/2025,135.29,197430000,131.555,136.5,131.17,,
14/02/2025,138.85,195479600,136.48,139.25,135.5,,
18/02/2025,139.4,219176600,141.27,143.44,137.925,,
19/02/2025,139.23,167536000,139.51,141.36,137.22,,
20/02/2025,140.11,143903600,140.03,140.66,136.7901,,
21/02/2025,134.43,228217600,140.04,141.46,134.03,,
24/02/2025,130.28,251381100,136.56,138.59,130.08,,
25/02/2025,126.63,271428700,129.98,130.2,124.44,,
26/02/2025,131.28,322553800,129.985,133.73,128.49,,
27/02/2025,120.15,443175800,135,135.01,120.01,,
28/02/2025,124.92,389091100,118.02,125.09,116.4,,
03/03/2025,114.06,411381400,123.51,123.7,112.28,,
04/03/2025,115.99,398163300,110.645,119.31,110.11,,
05/03/2025,117.3,284337900,117.58,118.2781,114.51,,
06/03/2025,110.57,321181900,113.53,115.35,110.22,,
07/03/2025,112.69,341755500,111.25,113.48,107.56,,
10/03/2025,106.98,366487400,109.9,111.85,105.46,,
11/03/2025,108.76,354865700,106.99,112.236,104.77,,
12/03/2025,115.74,323857500,114.12,116.76,112.88,,
13/03/2025,115.58,299033100,117.03,117.76,113.79,,
14/03/2025,121.67,277593500,118.61,121.88,118.15,,
